pred_ov_rank,pred_pos_rank,Player,FantPos,Tm,Age,Year,pred_2025_hPPR
1,1,Lamar Jackson,QB,BAL,27,2024,365.7496156692904
2,2,Josh Allen,QB,BUF,28,2024,329.19578325866064
3,3,Baker Mayfield,QB,TAM,29,2024,300.1567785116289
4,4,Joe Burrow,QB,CIN,28,2024,294.9645011522525
5,5,Brock Purdy,QB,SFO,25,2024,291.329333098465
6,6,Jared Goff,QB,DET,30,2024,280.8415505173557
7,7,Justin Herbert,QB,LAC,26,2024,279.7906780865661
8,8,Jalen Hurts,QB,PHI,26,2024,279.6804186608042
9,9,Patrick Mahomes,QB,KAN,29,2024,271.11009736321654
10,10,Jayden Daniels,QB,WAS,24,2024,263.05652493631726
11,11,Jordan Love,QB,GNB,26,2024,258.3217673285907
12,1,Ja'Marr Chase,WR,CIN,24,2024,245.19474515280803
13,1,Jahmyr Gibbs,RB,DET,22,2024,241.95686366534446
14,12,Kyler Murray,QB,ARI,27,2024,235.965819976033
15,13,Bo Nix,QB,DEN,24,2024,232.49022793751848
16,14,Caleb Williams,QB,CHI,23,2024,231.85820519553442
17,15,Geno Smith,QB,SEA,34,2024,228.80217916935732
18,2,Derrick Henry,RB,BAL,30,2024,224.7705461783064
19,16,Tua Tagovailoa,QB,MIA,26,2024,221.44375691016913
20,3,Saquon Barkley,RB,PHI,27,2024,220.2104915227874
21,4,Bijan Robinson,RB,ATL,22,2024,220.03829292516943
22,2,CeeDee Lamb,WR,DAL,25,2024,217.94174243666
23,17,C.J. Stroud,QB,HOU,23,2024,215.38655686036606
24,18,Sam Darnold,QB,MIN,27,2024,210.5816064518177
25,3,Justin Jefferson,WR,MIN,25,2024,210.41629865759208
26,4,Puka Nacua,WR,LAR,23,2024,200.55836186986434
27,5,Amon-Ra St. Brown,WR,DET,25,2024,199.0435743178235
28,19,Matthew Stafford,QB,LAR,36,2024,198.06961104203688
29,20,Dak Prescott,QB,DAL,31,2024,189.35731202419095
30,21,Russell Wilson,QB,PIT,36,2024,188.14360059663775
31,6,A.J. Brown,WR,PHI,27,2024,187.12880692887904
32,5,Josh Jacobs,RB,GNB,26,2024,186.2058665979598
33,22,Drake Maye,QB,NWE,22,2024,184.20963347896424
34,6,Alvin Kamara,RB,NOR,29,2024,181.64376260005906
35,7,De'Von Achane,RB,MIA,23,2024,181.37020634233792
36,7,Drake London,WR,ATL,23,2024,181.07129612164246
37,8,James Cook,RB,BUF,25,2024,177.97782641696472
38,23,Derek Carr,QB,NOR,33,2024,176.1827777001637
39,9,Kyren Williams,RB,LAR,24,2024,174.6715846704153
40,8,Nico Collins,WR,HOU,25,2024,174.49644216994818
41,9,Tyreek Hill,WR,MIA,30,2024,172.27246718765548
42,10,D.J. Moore,WR,CHI,27,2024,170.79922602460783
43,10,Jonathan Taylor,RB,IND,25,2024,169.82457528444922
44,11,Jakobi Meyers,WR,LVR,28,2024,168.08553000762126
45,24,Aaron Rodgers,QB,NYJ,41,2024,166.68063620120677
46,12,Jaxon Smith-Njigba,WR,SEA,22,2024,166.66070303790693
47,13,Malik Nabers,WR,NYG,21,2024,165.09911364389288
48,14,Tee Higgins,WR,CIN,25,2024,164.75049301100745
49,25,Trevor Lawrence,QB,JAX,25,2024,164.0089378584475
50,15,Zay Flowers,WR,BAL,24,2024,162.29456096100273
51,11,Breece Hall,RB,NYJ,23,2024,161.87553391357477
52,16,Jayden Reed,WR,GNB,24,2024,161.7794521981774
53,17,Brian Thomas,WR,JAX,22,2024,160.14909630270787
54,18,DeVonta Smith,WR,PHI,26,2024,159.93950652117547
55,1,Brock Bowers,TE,LVR,22,2024,159.35376494260447
56,12,Bucky Irving,RB,TAM,22,2024,159.0074309233678
57,13,Chuba Hubbard,RB,CAR,25,2024,158.60973263262562
58,19,Jordan Addison,WR,MIN,22,2024,157.8838172631536
59,14,Joe Mixon,RB,HOU,28,2024,157.87167498230585
60,2,Trey McBride,TE,ARI,25,2024,157.03422559085178
61,20,Jerry Jeudy,WR,CLE,25,2024,156.56015803468642
62,21,Ladd McConkey,WR,LAC,23,2024,155.11036028903823
63,3,George Kittle,TE,SFO,31,2024,154.21253485087902
64,26,Kirk Cousins,QB,ATL,36,2024,152.5143293431183
65,27,Bryce Young,QB,CAR,23,2024,151.4337090478474
66,22,George Pickens,WR,PIT,23,2024,151.34091979056245
67,23,Terry McLaurin,WR,WAS,29,2024,150.4342769864638
68,15,Chase Brown,RB,CIN,24,2024,149.7526981101461
69,16,James Conner,RB,ARI,29,2024,149.07539832195997
70,24,Davante Adams,WR,2TM,32,2024,148.5984540658944
71,25,Garrett Wilson,WR,NYJ,24,2024,148.31777634287147
72,28,Justin Fields,QB,PIT,25,2024,148.12089986192754
73,17,David Montgomery,RB,DET,27,2024,147.05074368537097
74,18,D'Andre Swift,RB,CHI,25,2024,146.50853049559186
75,19,Kenneth Walker III,RB,SEA,24,2024,144.4038970792648
76,26,Courtland Sutton,WR,DEN,29,2024,144.3346844874585
77,27,Mike Evans,WR,TAM,31,2024,142.32588044979292
78,20,Christian McCaffrey,RB,SFO,28,2024,141.92044418625144
79,28,Josh Downs,WR,IND,23,2024,141.21167501474486
80,29,D.K. Metcalf,WR,SEA,27,2024,140.98964179054985
81,30,Jameson Williams,WR,DET,23,2024,139.68230711090072
82,31,Calvin Ridley,WR,TEN,30,2024,138.3927872537737
83,21,Tony Pollard,RB,TEN,27,2024,138.03595672444828
84,32,Keenan Allen,WR,CHI,32,2024,137.84269948766473
85,22,J.K. Dobbins,RB,LAC,26,2024,137.03072890829526
86,23,Aaron Jones,RB,MIN,30,2024,135.59439468285387
87,24,Najee Harris,RB,PIT,26,2024,134.0834704500339
88,29,Anthony Richardson,QB,IND,22,2024,132.9442870991918
89,25,Zach Charbonnet,RB,SEA,23,2024,132.90457309614942
90,30,Gardner Minshew II,QB,LVR,28,2024,132.7195384047336
91,33,Marvin Harrison Jr.,WR,ARI,22,2024,131.5390801147208
92,26,Rachaad White,RB,TAM,25,2024,131.25102851926488
93,4,Sam LaPorta,TE,DET,23,2024,131.0606554650852
94,27,Rico Dowdle,RB,DAL,26,2024,127.91403812976839
95,34,Jauan Jennings,WR,SFO,27,2024,126.89696795527074
96,35,Darnell Mooney,WR,ATL,27,2024,125.94629394489378
97,36,Jaylen Waddle,WR,MIA,26,2024,125.46928017910854
98,37,Khalil Shakir,WR,BUF,24,2024,125.466204407247
99,38,Quentin Johnston,WR,LAC,23,2024,125.39530547675166
100,39,Chris Godwin,WR,TAM,28,2024,124.11176773609199
101,40,Cooper Kupp,WR,LAR,31,2024,124.08594922451903
102,41,Xavier Worthy,WR,KAN,21,2024,123.56002932018343
103,42,Michael Pittman Jr.,WR,IND,27,2024,123.54925311666507
104,43,Deebo Samuel,WR,SFO,28,2024,122.70168120726854
105,5,Travis Kelce,TE,KAN,35,2024,119.0199659711607
106,6,Jonnu Smith,TE,MIA,29,2024,118.95610658345021
107,28,Brian Robinson Jr.,RB,WAS,25,2024,118.27041628901478
108,44,Rashee Rice,WR,KAN,24,2024,117.60179535863053
109,45,Brandon Aiyuk,WR,SFO,26,2024,116.14351339442914
110,31,Will Levis,QB,TEN,25,2024,115.87160890608787
111,29,Rhamondre Stevenson,RB,NWE,26,2024,115.60144053845018
112,30,Tyrone Tracy Jr.,RB,NYG,25,2024,114.58002390658964
113,46,Stefon Diggs,WR,HOU,31,2024,114.3080657247814
114,47,Alec Pierce,WR,IND,24,2024,113.85607468309738
115,7,Tucker Kraft,TE,GNB,24,2024,113.63470979854984
116,48,Wan'Dale Robinson,WR,NYG,23,2024,113.46150016883428
117,49,Rashid Shaheed,WR,NOR,26,2024,113.15176805670976
118,50,Rome Odunze,WR,CHI,22,2024,112.77255101908744
119,51,Chris Olave,WR,NOR,24,2024,111.89228392459422
120,52,Tank Dell,WR,HOU,25,2024,110.40891142635539
121,32,Daniel Jones,QB,NYG,27,2024,110.20989760719797
122,33,Jameis Winston,QB,CLE,30,2024,109.79967978016742
123,53,Rashod Bateman,WR,BAL,25,2024,109.51737078490133
124,8,Mark Andrews,TE,BAL,29,2024,108.71458315330345
125,34,Aidan O'Connell,QB,LVR,26,2024,108.61151262580319
126,31,Jaylen Warren,RB,PIT,26,2024,108.17346601229767
127,54,Romeo Doubs,WR,GNB,24,2024,107.40924984722308
128,32,Alexander Mattison,RB,LVR,26,2024,104.51370776576077
129,55,Demario Douglas,WR,NWE,24,2024,104.38324329678812
130,9,Cole Kmet,TE,CHI,25,2024,103.53154229799017
131,35,Joe Milton,QB,NWE,24,2024,103.24385570972157
132,33,Travis Etienne,RB,JAX,25,2024,102.71255266640826
133,34,Kareem Hunt,RB,KAN,29,2024,102.64311087744633
134,35,Javonte Williams,RB,DEN,24,2024,101.2994420365305
135,36,Tyjae Spears,RB,TEN,23,2024,101.16863000302794
136,10,Kyle Pitts,TE,ATL,24,2024,100.73535930493321
137,36,Mac Jones,QB,JAX,26,2024,100.61894119561208
138,37,Jordan Mason,RB,SFO,25,2024,100.4045031849132
139,38,Isiah Pacheco,RB,KAN,25,2024,99.3996656564854
140,56,Tre Tucker,WR,LVR,23,2024,99.24396667780707
141,11,David Njoku,TE,CLE,28,2024,98.64195096870161
142,12,Pat Freiermuth,TE,PIT,26,2024,98.57183580026657
143,57,Keon Coleman,WR,BUF,21,2024,98.22011903011563
144,58,Adam Thielen,WR,CAR,34,2024,97.36048776605821
145,39,Jerome Ford,RB,CLE,25,2024,97.18558727305705
146,13,Dalton Kincaid,TE,BUF,25,2024,97.0936265577161
147,37,Tanner McKee,QB,PHI,24,2024,96.9513552044406
148,38,Spencer Rattler,QB,NOR,24,2024,96.39131304265324
149,59,Christian Watson,WR,GNB,25,2024,96.23910510067218
150,14,T.J. Hockenson,TE,MIN,27,2024,94.99166804090987
151,60,Dontayvion Wicks,WR,GNB,23,2024,94.69094831441194
152,40,Tyler Allgeier,RB,ATL,24,2024,93.95102376355207
153,15,Dallas Goedert,TE,PHI,29,2024,93.09737633772909
154,61,Michael Wilson,WR,ARI,24,2024,92.92486584938835
155,16,Jake Ferguson,TE,DAL,25,2024,92.23241722725527
156,62,Amari Cooper,WR,2TM,30,2024,90.22922436595934
157,63,Jalen Tolbert,WR,DAL,25,2024,89.92641099317181
158,64,Josh Palmer,WR,LAC,25,2024,89.58210690358094
159,39,Jimmy Garoppolo,QB,LAR,33,2024,89.46391329547265
160,65,Jalen McMillan,WR,TAM,23,2024,88.77156574192517
161,41,Austin Ekeler,RB,WAS,29,2024,88.6197721335672
162,66,Darius Slayton,WR,NYG,27,2024,88.43548492439088
163,40,Cooper Rush,QB,DAL,31,2024,88.33281639463881
164,67,Marvin Mims,WR,DEN,22,2024,88.3038116567241
165,68,Tyler Lockett,WR,SEA,32,2024,88.23791513964925
166,17,Cade Otton,TE,TAM,25,2024,87.73585104912941
167,42,Antonio Gibson,RB,NWE,26,2024,87.48213587710396
168,43,Zack Moss,RB,CIN,27,2024,87.19941088271024
169,69,Ray-Ray McCloud,WR,ATL,28,2024,87.17021642038249
170,44,Tank Bigsby,RB,JAX,23,2024,86.0979395200775
171,18,Isaiah Likely,TE,BAL,24,2024,85.80946720292997
172,19,Hunter Henry,TE,NWE,30,2024,85.76992483445648
173,70,Kayshon Boutte,WR,NWE,22,2024,84.46440334201527
174,20,Mike Gesicki,TE,CIN,29,2024,84.45692333041413
175,45,Michael Carter,RB,ARI,25,2024,84.3830589889379
176,71,Ricky Pearsall,WR,SFO,24,2024,84.07545356974835
177,46,Ray Davis,RB,BUF,25,2024,83.74067022587032
178,72,Xavier Legette,WR,CAR,23,2024,83.6602337338397
179,41,Michael Penix,QB,ATL,24,2024,83.17110021506608
180,42,Deshaun Watson,QB,CLE,29,2024,83.15443148183161
181,73,Jalen Coker,WR,CAR,23,2024,83.12521242941457
182,74,Calvin Austin III,WR,PIT,25,2024,82.42892930596568
183,47,Justice Hill,RB,BAL,27,2024,82.39596218275892
184,21,Chigoziem Okonkwo,TE,TEN,25,2024,82.32144704011858
185,22,Evan Engram,TE,JAX,30,2024,81.89331780201093
186,75,Nick Westbrook-Ikhine,WR,TEN,27,2024,81.37493576903113
187,43,Malik Willis,QB,GNB,25,2024,81.3738081420054
188,48,Isaac Guerendo,RB,SFO,24,2024,81.35221744321515
189,76,Christian Kirk,WR,JAX,28,2024,80.25508813714548
190,44,Joe Flacco,QB,IND,39,2024,80.24892281567367
191,77,Tutu Atwell,WR,LAR,25,2024,79.84699337660676
192,23,Noah Fant,TE,SEA,27,2024,79.23436190091975
193,24,Juwan Johnson,TE,NOR,28,2024,79.14371028821327
194,49,Roschon Johnson,RB,CHI,23,2024,79.08278141595702
195,50,Emanuel Wilson,RB,GNB,25,2024,77.7953982357831
196,45,Mason Rudolph,QB,TEN,29,2024,77.68074123438299
197,51,Ameer Abdullah,RB,LVR,31,2024,76.5934055896722
198,78,DeAndre Hopkins,WR,2TM,32,2024,75.09864640535422
199,25,Taysom Hill,TE,NOR,34,2024,75.00929110657964
200,26,Will Dissly,TE,LAC,28,2024,75.00924656403967
201,79,KaVontae Turpin,WR,DAL,28,2024,74.8857006197287
202,52,Devin Singletary,RB,NYG,27,2024,74.86835921520407
203,53,Jaleel McLaughlin,RB,DEN,24,2024,74.12813766990044
204,27,Noah Gray,TE,KAN,25,2024,73.31632444020585
205,80,Andrei Iosivas,WR,CIN,25,2024,72.73255804492277
206,54,Sincere McCormick,RB,LVR,24,2024,72.70042618249568
207,81,Demarcus Robinson,WR,LAR,30,2024,71.58536089001856
208,28,Dalton Schultz,TE,HOU,28,2024,70.43359115481421
209,82,Elijah Moore,WR,CLE,24,2024,68.82645906765579
210,55,Braelon Allen,RB,NYJ,20,2024,68.80911676616253
211,46,Drew Lock,QB,NYG,28,2024,68.61250688462363
212,83,Devaughn Vele,WR,DEN,27,2024,67.89158233468416
213,56,Ty Johnson,RB,BUF,27,2024,65.89257693747054
214,29,Foster Moreau,TE,NOR,27,2024,65.83231441192224
215,84,Marquise Brown,WR,KAN,27,2024,65.78778010461906
216,30,AJ Barner,TE,SEA,22,2024,65.67489914655368
217,85,Noah Brown,WR,WAS,28,2024,65.65002475053053
218,86,Diontae Johnson,WR,3TM,28,2024,65.12119405479628
219,57,Clyde Edwards-Helaire,RB,NOR,25,2024,65.0946764868228
220,31,Ja'Tavion Sanders,TE,CAR,21,2024,65.00015804966617
221,32,Zach Ertz,TE,WAS,34,2024,64.91041529007187
222,87,Allen Lazard,WR,NYJ,29,2024,64.90998003030299
223,88,Brandin Cooks,WR,DAL,31,2024,64.46405339511647
224,58,Samaje Perine,RB,KAN,29,2024,64.04593200025556
225,89,Parker Washington,WR,JAX,22,2024,63.90429711558385
226,59,Nick Chubb,RB,CLE,29,2024,63.60774580527553
227,47,Tyler Huntley,QB,MIA,26,2024,63.03469049391615
228,60,Kendre Miller,RB,NOR,22,2024,62.94154991784994
229,61,MarShawn Lloyd,RB,GNB,23,2024,62.673300119321006
230,33,Austin Hooper,TE,NWE,30,2024,62.65519629561116
231,62,Gus Edwards,RB,LAC,29,2024,62.644078445051576
232,34,Theo Johnson,TE,NYG,23,2024,62.25022459578109
233,48,Desmond Ridder,QB,LVR,25,2024,62.199475756637895
234,35,Tyler Conklin,TE,NYJ,29,2024,61.75078759670618
235,90,Jalen Nailor,WR,MIN,25,2024,61.67578211567424
236,49,Marcus Mariota,QB,WAS,31,2024,60.44189783641016
237,91,Tim Patrick,WR,DET,31,2024,60.26971322815966
238,92,Olamide Zaccheaus,WR,WAS,27,2024,60.26351861048374
239,63,Trey Benson,RB,ARI,21,2024,60.26245289003759
240,64,Audric Estime,RB,DEN,21,2024,59.70995816733532
241,65,Zamir White,RB,LVR,25,2024,59.653874257436904
242,50,Sam Howell,QB,SEA,24,2024,59.36516835567093
243,93,Troy Franklin,WR,DEN,21,2024,59.34249032480224
244,66,Kimani Vidal,RB,LAC,23,2024,59.010061387040814
245,67,Cam Akers,RB,2TM,25,2024,58.78995992665349
246,68,Kenneth Gainwell,RB,PHI,25,2024,58.612603035671405
247,69,Miles Sanders,RB,CAR,27,2024,58.37916691487759
248,94,Kendrick Bourne,WR,NWE,29,2024,58.372086735230795
249,70,Jase McClellan,RB,ATL,22,2024,57.82715088519109
250,36,Colby Parkinson,TE,LAR,25,2024,57.57340745337619
251,37,Michael Mayer,TE,LVR,23,2024,57.397525157560224
252,95,Gabriel Davis,WR,JAX,25,2024,56.7349315593781
253,96,Jordan Whittington,WR,LAR,24,2024,56.70625228917717
254,97,Tyler Boyd,WR,TEN,30,2024,56.44911939542466
255,51,Jake Haener,QB,NOR,25,2024,56.237474729894856
256,98,Greg Dortch,WR,ARI,26,2024,56.05765126636564
257,99,Adonai Mitchell,WR,IND,22,2024,55.85428223709895
258,100,Cedric Tillman,WR,CLE,24,2024,55.66073744984488
259,71,Raheem Mostert,RB,MIA,32,2024,55.3136627681454
260,101,Malik Washington,WR,MIA,23,2024,55.290034090273075
261,102,Curtis Samuel,WR,BUF,28,2024,54.78630664319374
262,72,Emari Demercado,RB,ARI,25,2024,54.00839456671818
263,73,Sean Tucker,RB,TAM,23,2024,52.09996277606948
264,74,Ezekiel Elliott,RB,DAL,29,2024,51.98548784161295
265,103,Jahan Dotson,WR,PHI,24,2024,51.371865477378904
266,52,Tommy DeVito,QB,NYG,26,2024,51.21418525049725
267,75,Jaylen Wright,RB,MIA,21,2024,50.54745775248763
268,38,Brenton Strange,TE,JAX,24,2024,50.492596369198495
269,104,Tyler Johnson,WR,LAR,26,2024,50.353797811304915
270,105,Kevin Austin,WR,NOR,24,2024,49.89365910507901
271,39,Tommy Tremble,TE,CAR,24,2024,49.13523466009037
272,106,Marquez Valdes-Scantling,WR,2TM,30,2024,48.95988085541539
273,76,Jacob Kibodi,RB,CLE,26,2024,47.85868161352391
274,77,Isaiah Davis,RB,NYJ,22,2024,47.79035031907945
275,53,Trey Lance,QB,DAL,24,2024,47.5697941690647
276,78,Chris Brooks,RB,GNB,24,2024,46.88308839787649
277,107,Bub Means,WR,NOR,23,2024,46.63554173710798
278,54,Jacoby Brissett,QB,NWE,32,2024,46.5810093884846
279,79,Jonathon Brooks,RB,CAR,21,2024,46.39108840749704
280,108,Bo Melton,WR,GNB,25,2024,46.125760299414196
281,80,Terrell Jennings,RB,NWE,23,2024,45.88663565835712
282,81,Blake Corum,RB,LAR,24,2024,45.87317550728334
283,109,Mack Hollins,WR,BUF,31,2024,45.349140534168356
284,55,Joshua Dobbs,QB,SFO,29,2024,45.1144612705606
285,110,JuJu Smith-Schuster,WR,KAN,28,2024,45.03490211206216
286,56,Kenny Pickett,QB,PHI,26,2024,44.63145201227568
287,111,Ja'Lynn Polk,WR,NWE,22,2024,44.53209873787036
288,40,Erick All,TE,CIN,24,2024,44.317209680629766
289,82,Dameon Pierce,RB,HOU,24,2024,44.24545577001558
290,112,Kalif Raymond,WR,DET,30,2024,44.00327627562112
291,41,Luke Musgrave,TE,GNB,24,2024,43.99553394664398
292,57,Hendon Hooker,QB,DET,26,2024,43.92220837727965
293,113,Dyami Brown,WR,WAS,25,2024,43.74428561642349
294,83,Keaton Mitchell,RB,BAL,22,2024,43.59400478438772
295,114,Jalen Brooks,WR,DAL,24,2024,42.94310819389713
296,115,Justin Watson,WR,KAN,28,2024,42.847230189827116
297,58,Jake Browning,QB,CIN,28,2024,42.7416647729554
298,42,Josh Oliver,TE,MIN,27,2024,41.5887444704091
299,84,Carson Steele,RB,KAN,22,2024,41.4854855507902
300,43,Darnell Washington,TE,PIT,23,2024,41.47786011266071
301,85,Tyler Goodson,RB,IND,24,2024,41.14876908290566
302,116,Derius Davis,WR,LAC,24,2024,41.013766017758535
303,86,Hassan Haskins,RB,LAC,25,2024,40.79969580236197
304,44,Grant Calcaterra,TE,PHI,26,2024,40.79088562951397
305,45,Luke Schoonmaker,TE,DAL,26,2024,40.55332829449061
306,46,Dawson Knox,TE,BUF,28,2024,40.4507507677465
307,117,John Metchie,WR,HOU,24,2024,40.17632349808703
308,47,Elijah Higgins,TE,ARI,24,2024,39.66077000321639
309,118,Mike Williams,WR,2TM,30,2024,39.31520950296764
310,119,Mason Tipton,WR,NOR,24,2024,39.28559866364154
311,59,Bailey Zappe,QB,CLE,25,2024,38.56058948506312
312,60,Chris Oladokun,QB,KAN,27,2024,38.47160044473835
313,48,Jordan Akins,TE,CLE,32,2024,38.390941655884575
314,87,Will Shipley,RB,PHI,22,2024,38.3893713220185
315,49,Josh Whyle,TE,TEN,25,2024,37.99999304642042
316,120,Josh Reynolds,WR,2TM,29,2024,37.88678348926618
317,121,Malik Heath,WR,GNB,24,2024,37.88145194016969
318,122,DJ Turner,WR,LVR,27,2024,37.754826825142885
319,61,Andy Dalton,QB,CAR,37,2024,37.61965557745275
320,88,Deuce Vaughn,RB,DAL,23,2024,37.544282089940936
321,123,Jonathan Mingo,WR,2TM,23,2024,37.23738586364546
322,124,Van Jefferson,WR,PIT,28,2024,37.06877359648674
323,50,Stone Smartt,TE,LAC,26,2024,36.778601011264115
324,51,Brevyn Spann-Ford,TE,DAL,25,2024,36.75235528077798
325,125,Trey Palmer,WR,TAM,23,2024,36.499345896442975
326,89,D'Onta Foreman,RB,CLE,28,2024,36.309190466602416
327,126,Mecole Hardman,WR,KAN,26,2024,36.15528119554982
328,127,Cedrick Wilson Jr.,WR,NOR,29,2024,35.75983880013921
329,128,Jermaine Burton,WR,CIN,23,2024,35.45542608245438
330,90,Patrick Taylor,RB,SFO,26,2024,35.25928017378183
331,129,David Moore,WR,CAR,29,2024,34.9737114475511
332,130,Jacob Cowing,WR,SFO,23,2024,34.90012353587473
333,131,Ryan Flournoy,WR,DAL,25,2024,34.8821401872461
334,91,Jamaal Williams,RB,NOR,29,2024,34.83119640182587
335,132,Nelson Agholor,WR,BAL,31,2024,34.58140057921509
336,92,Dalvin Cook,RB,DAL,29,2024,34.47267650769137
337,133,Lil'Jordan Humphrey,WR,DEN,26,2024,34.2663459540142
338,134,Ainias Smith,WR,PHI,23,2024,33.92022272964866
339,135,Sterling Shepard,WR,TAM,31,2024,33.52521623316658
340,52,Kylen Granson,TE,IND,26,2024,33.35028728083019
341,53,Daniel Bellinger,TE,NYG,24,2024,33.26969822838939
342,54,Cade Stover,TE,HOU,24,2024,32.98690704099043
343,55,Justin Shorter,TE,LVR,24,2024,32.79210786793139
344,56,Jaheim Bell,TE,NWE,23,2024,32.482295399910925
345,136,Terrace Marshall Jr.,WR,LVR,24,2024,32.476597824350904
346,137,Johnny Wilson,WR,PHI,23,2024,32.46103828113968
347,138,Luke McCaffrey,WR,WAS,23,2024,32.41939496056844
348,57,Tanner Hudson,TE,CIN,30,2024,32.16473881231002
349,93,Kenny McIntosh,RB,SEA,24,2024,32.16059037074166
350,62,Tyrod Taylor,QB,NYJ,35,2024,32.03880930937193
351,94,Hunter Luepke,RB,DAL,24,2024,32.018251702354256
352,95,Jordan Mims,RB,NOR,25,2024,31.88693770194186
353,63,Davis Mills,QB,HOU,26,2024,31.883486301165163
354,58,Tyler Higbee,TE,LAR,31,2024,31.145983401558667
355,96,Cody Schrader,RB,LAR,25,2024,31.096856611242323
356,97,Trey Sermon,RB,IND,25,2024,31.031666948843238
357,139,Jalen Reagor,WR,LAC,25,2024,30.746797986974336
358,140,Ramel Keyton,WR,LVR,24,2024,30.670367446280466
359,59,Jake Tonges,TE,SFO,25,2024,30.31016759671789
360,98,Khalil Herbert,RB,2TM,26,2024,30.30280424389828
361,60,Adam Trautman,TE,DEN,27,2024,30.13304507334486
362,99,Rasheen Ali,RB,BAL,23,2024,30.073277825323323
363,100,Chris Rodriguez,RB,WAS,24,2024,30.037665739054837
364,141,Javon Baker,WR,NWE,22,2024,29.935155111322842
365,142,KhaDarel Hodge,WR,ATL,29,2024,29.696179096995472
366,61,Devin Culp,TE,TAM,24,2024,29.53334528808343
367,143,Brenden Rice,WR,LAC,22,2024,29.320041367627347
368,144,Jake Bobo,WR,SEA,26,2024,29.309838045493827
369,101,Blake Watson,RB,DEN,25,2024,29.194984792862982
370,62,Dallin Holker,TE,NOR,24,2024,29.0968512286123
371,102,Dylan Laube,RB,LVR,25,2024,28.92887498713081
372,145,Jalin Hyatt,WR,NYG,23,2024,28.90766017256768
373,63,Harrison Bryant,TE,LVR,26,2024,28.806150745696712
374,64,Davis Allen,TE,LAR,23,2024,28.800504386670184
375,103,Jeremy McNichols,RB,WAS,29,2024,28.549908165682496
376,104,Aaron Shampklin,RB,PIT,25,2024,28.49412497628431
377,146,Dante Pettis,WR,NOR,29,2024,28.05293386866822
378,147,Bryce Oliver,WR,TEN,24,2024,28.04106997585523
379,148,David Bell,WR,CLE,24,2024,27.961668616661143
380,149,Grant Dubose,WR,MIA,23,2024,27.716331259841496
381,65,Connor Heyward,TE,PIT,25,2024,27.656651181142934
382,105,Ronnie Rivers,RB,LAR,25,2024,27.53825876713391
383,66,John Samuel Shenker,TE,LVR,26,2024,27.5248997998561
384,67,Ben Sinnott,TE,WAS,22,2024,27.36167864046662
385,106,Sione Vaki,RB,DET,23,2024,27.17328762634125
386,64,Tyson Bagent,QB,CHI,24,2024,27.13588729713353
387,107,Pierre Strong,RB,CLE,26,2024,27.077923430022224
388,150,DJ Chark,WR,LAC,28,2024,26.92201244072536
389,68,Tip Reiman,TE,ARI,23,2024,26.524019840553052
390,151,Casey Washington,WR,ATL,23,2024,26.37802390013008
391,65,Clayton Tune,QB,ARI,25,2024,26.229108582643647
392,108,Ty Chandler,RB,MIN,26,2024,26.172645063914736
393,152,Tyrell Shavers,WR,BUF,25,2024,25.97882024258223
394,69,Nate Adkins,TE,DEN,25,2024,25.901215483073713
395,109,Jermar Jefferson,RB,DET,24,2024,25.8266276193894
396,70,Charlie Kolar,TE,BAL,25,2024,25.704104319695148
397,153,Tyreik McAllister,WR,LVR,26,2024,25.484409948639737
398,110,D'Ernest Johnson,RB,JAX,28,2024,25.48131454551848
399,154,Nikko Remigio,WR,KAN,25,2024,25.443750294999262
400,71,Brock Wright,TE,DET,26,2024,25.41684335437705
401,155,Tylan Wallace,WR,BAL,25,2024,25.390940193892632
402,66,Taylor Heinicke,QB,LAC,31,2024,25.309210756276855
403,72,Cam Grandy,TE,CIN,24,2024,25.11260363880036
404,73,Ben Sims,TE,GNB,24,2024,24.948115201271747
405,156,Devontez Walker,WR,BAL,23,2024,24.881079332636908
406,157,Tyler Scott,WR,CHI,23,2024,24.548459854610492
407,158,Xavier Smith,WR,LAR,27,2024,23.97925101305016
408,74,Baylor Cupp,TE,KAN,24,2024,23.88944861796429
409,159,Tyquan Thornton,WR,NWE,24,2024,23.870094183574196
410,111,Kendall Milton,RB,CIN,22,2024,23.86176643171303
411,75,Julian Hill,TE,MIA,24,2024,23.84054713600709
412,160,Simi Fehoko,WR,LAC,27,2024,23.789202110520115
413,76,Gerald Everett,TE,CHI,30,2024,23.766735882653478
414,77,Durham Smythe,TE,MIA,29,2024,23.690803186270074
415,161,Malachi Corley,WR,NYJ,22,2024,23.62895701489405
416,162,Jalen Moreno-Cropper,WR,DAL,23,2024,23.31711075223823
417,78,Payne Durham,TE,TAM,24,2024,23.300345054793688
418,112,George Holani,RB,SEA,25,2024,23.294189150624064
419,163,Ashton Dulin,WR,IND,27,2024,23.270856411359276
420,164,Jaylen Johnson,WR,LAC,24,2024,23.25764456751329
421,1,Kyle Juszczyk,FB,SFO,33,2024,23.249255236260524
422,113,Dare Ogunbowale,RB,HOU,30,2024,23.209683016095234
423,165,K.J. Osborn,WR,2TM,27,2024,23.12877104698586
424,166,Michael Woods II,WR,CLE,24,2024,23.063412019792295
425,79,Johnny Mundt,TE,MIN,30,2024,22.938869424139824
426,167,Treylon Burks,WR,TEN,24,2024,22.865616736473655
427,114,Jamycal Hasty,RB,NWE,28,2024,22.734968351529233
428,168,Ryan Miller,WR,TAM,24,2024,22.73183806748657
429,115,Tyrion Davis-Price,RB,PHI,24,2024,22.424038251949483
430,80,Tucker Fisk,TE,LAC,25,2024,22.264937994818368
431,81,Jared Wiley,TE,KAN,24,2024,22.1363505427256
432,116,Tyler Badie,RB,DEN,24,2024,22.08484304318017
433,82,Andrew Ogletree,TE,IND,26,2024,22.042283348213502
434,169,Jermaine Jackson,WR,NOR,24,2024,21.787528646064864
435,67,Mitchell Trubisky,QB,BUF,30,2024,21.683998723858465
436,170,Roman Wilson,WR,PIT,23,2024,21.301277972175697
437,83,Will Mallory,TE,IND,25,2024,21.25388469838211
438,171,Anthony Gould,WR,IND,23,2024,21.115340791575683
439,84,E.J. Jenkins,TE,PHI,26,2024,21.05951556982322
440,172,Rakim Jarrett,WR,TAM,23,2024,20.74350827638566
441,173,Xavier Hutchinson,WR,HOU,24,2024,20.722401331872817
442,85,Jack Westover,TE,NWE,25,2024,20.26241454004989
443,117,DeeJay Dallas,RB,ARI,26,2024,20.08486001010126
444,86,John FitzPatrick,TE,GNB,24,2024,19.999963667245936
445,118,Travis Homer,RB,CHI,26,2024,19.893814650329645
446,87,Peyton Hendershot,TE,KAN,25,2024,19.673725192700644
447,88,Zach Davidson,TE,BUF,26,2024,19.626149247768986
448,119,Eric Gray,RB,NYG,25,2024,19.580041523116932
449,120,Raheem Blackshear,RB,CAR,25,2024,19.57907035757681
450,89,Lucas Krull,TE,DEN,26,2024,19.528973852982567
451,90,Quintin Morris,TE,BUF,25,2024,19.491916241229312
452,174,Kendric Pryor,WR,CIN,26,2024,19.23218350429169
453,121,Craig Reynolds,RB,DET,28,2024,19.147471790749364
454,175,Bryce Ford-Wheaton,WR,NYG,24,2024,19.132302019802836
455,122,Jeff Wilson,RB,MIA,29,2024,19.04223110532942
456,123,Cordarrelle Patterson,RB,PIT,33,2024,19.040267979861397
457,176,Kameron Johnson,WR,TAM,22,2024,18.989434400257366
458,177,Parris Campbell,WR,PHI,27,2024,18.651020928248727
459,178,Xavier Weaver,WR,ARI,24,2024,18.45200821785297
460,179,Skyy Moore,WR,KAN,24,2024,18.40650538657365
461,180,Xavier Gipson,WR,NYJ,23,2024,18.37334389784911
462,181,Laviska Shenault Jr.,WR,2TM,26,2024,18.112379036001357
463,91,Hunter Long,TE,LAR,26,2024,18.092557110901964
464,92,Jeremy Ruckert,TE,NYJ,24,2024,18.078377258530516
465,68,Brandon Allen,QB,SFO,32,2024,17.82254519334792
466,124,Julius Chestnut,RB,TEN,24,2024,17.567831237091617
467,125,Chris Collier,RB,2TM,24,2024,17.50241211650912
468,69,Nick Mullens,QB,MIN,29,2024,17.387139969813575
469,93,Tanner McLachlan,TE,CIN,25,2024,17.209487736247084
470,126,Avery Williams,RB,ATL,26,2024,16.944424261651307
471,182,Austin Trammell,WR,JAX,26,2024,16.919005260579127
472,183,Isaiah Williams,WR,2TM,23,2024,16.784781264439943
473,184,Jamari Thrash,WR,CLE,24,2024,16.731865544435692
474,70,Skylar Thompson,QB,MIA,27,2024,16.661826079415476
475,185,Cody White,WR,SEA,26,2024,16.64876877812226
476,94,Charlie Woerner,TE,ATL,27,2024,16.58830064751899
477,186,Zay Jones,WR,ARI,29,2024,16.453104648286768
478,127,D.J. Williams,RB,TAM,24,2024,16.3917135343166
479,128,Jaret Patterson,RB,LAC,25,2024,16.301948036818807
480,187,Scott Miller,WR,PIT,27,2024,16.232764738343086
481,95,David Martin-Robinson,TE,TEN,25,2024,16.14891263449249
482,96,Hayden Hurst,TE,LAC,31,2024,15.907640152196421
483,97,Greg Dulcich,TE,2TM,24,2024,15.825837278577971
484,129,Carlos Washington,RB,ATL,26,2024,15.710058677248576
485,98,Drew Sample,TE,CIN,28,2024,15.63939819968931
486,188,Jha'Quan Jackson,WR,TEN,24,2024,15.413046238206938
487,189,Ronnie Bell,WR,SFO,24,2024,15.318326947971265
488,190,Kristian Wilkerson,WR,LVR,27,2024,14.78940052471863
489,99,Mo Alie-Cox,TE,IND,31,2024,14.58171308361888
490,191,Trenton Irwin,WR,CIN,29,2024,14.444264530180533
491,100,Princeton Fant,TE,DAL,25,2024,14.101014240810542
492,192,Ben Skowronek,WR,PIT,27,2024,14.091103101926521
493,101,Blake Whiteheart,TE,CLE,24,2024,14.073594410883913
494,2,Alec Ingold,FB,MIA,28,2024,14.04351720811654
495,71,Dorian Thompson-Robinson,QB,CLE,25,2024,13.919670811078923
496,102,Eric Saubert,TE,SFO,30,2024,13.80297239441338
497,130,Darrynton Evans,RB,CHI,26,2024,13.61828422974105
498,103,Pharaoh Brown,TE,SEA,30,2024,13.438436030168702
499,193,Britain Covey,WR,PHI,27,2024,13.390060646369562
500,72,Carson Wentz,QB,KAN,32,2024,13.088531373867347
501,104,Colson Yankoff,TE,WAS,24,2024,13.022006777686904
502,194,DeAndre Carter,WR,CHI,31,2024,12.944384212902612
503,105,Brenden Bates,TE,2TM,25,2024,12.904963591053615
504,131,Dante Miller,RB,NYG,25,2024,12.877167637185437
505,132,Keilan Robinson,RB,JAX,24,2024,12.832596704784748
506,73,Jarrett Stidham,QB,DEN,28,2024,12.777439527956247
507,195,Odell Beckham Jr.,WR,MIA,32,2024,12.710484931386233
508,133,British Brooks,RB,HOU,25,2024,12.558955334193193
509,196,Kadarius Toney,WR,CLE,25,2024,12.522477358051063
510,106,Luke Farrell,TE,JAX,27,2024,12.334831003147151
511,107,Brayden Willis,TE,SFO,25,2024,12.278840833162953
512,197,Dareke Young,WR,SEA,25,2024,12.277512934149414
513,108,Brevin Jordan,TE,HOU,24,2024,12.196994556229768
514,198,Brandon Johnson,WR,PIT,26,2024,12.080762487925028
515,199,Trent Sherfield,WR,MIN,28,2024,11.925975189106339
516,200,Tay Martin,WR,TEN,27,2024,11.711330415268904
517,201,Isaiah Hodgins,WR,NYG,26,2024,11.689042297945477
518,202,Robert Woods,WR,HOU,32,2024,11.644122327890372
519,203,Jared Wayne,WR,HOU,24,2024,11.241788823704319
520,204,Joshua Cephus,WR,JAX,23,2024,11.216270221866331
521,74,Kyle Trask,QB,TAM,26,2024,11.114367747821511
522,205,Charlie Jones,WR,CIN,26,2024,10.931857712917292
523,109,Nick Vannett,TE,TEN,31,2024,10.578757961088463
524,110,John Bates,TE,WAS,27,2024,10.548026587430606
525,206,John Ross,WR,PHI,29,2024,10.390823919880141
526,207,Brandon Powell,WR,MIN,29,2024,10.106969378041711
527,111,Brady Russell,TE,SEA,26,2024,10.102679516145088
528,112,Tanner Conner,TE,MIA,26,2024,10.049165262949927
529,208,River Cracraft,WR,MIA,30,2024,9.544690048690953
530,209,Collin Johnson,WR,CHI,27,2024,9.479053251632294
531,75,Kyle Allen,QB,PIT,28,2024,9.308975213122508
532,210,Deven Thompkins,WR,CAR,25,2024,8.748347361491682
533,134,Evan Hull,RB,IND,24,2024,8.590356221119762
534,211,Ihmir Smith-Marsette,WR,NYG,25,2024,8.586746169339605
535,212,Justyn Ross,WR,KAN,25,2024,8.48765744412961
536,135,Jonathan Ward,RB,PIT,27,2024,8.457627065250108
537,136,Khari Blasingame,RB,2TM,28,2024,8.455673444575382
538,213,Erik Ezukanma,WR,MIA,24,2024,8.436981232345488
539,214,Braxton Berrios,WR,MIA,29,2024,8.343913206370814
540,113,Thomas Odukoya,TE,TEN,27,2024,8.266735017391483
541,137,J.J. Taylor,RB,HOU,26,2024,8.210050813538544
542,138,Mike Boone,RB,CAR,29,2024,8.051564411115365
543,215,Devin Duvernay,WR,JAX,27,2024,8.014007497108295
544,139,Trayveon Williams,RB,CIN,27,2024,7.922952869761005
545,114,Rodney Williams,TE,PIT,26,2024,7.7016990911644
546,216,Tim Jones,WR,JAX,26,2024,7.322093414573118
547,115,Ross Dwelley,TE,ATL,29,2024,6.989026033813531
548,217,Brycen Tremayne,WR,WAS,25,2024,6.97371455815518
549,116,Kenny Yeboah,TE,NYJ,26,2024,6.843259542932401
550,76,Tim Boyle,QB,2TM,30,2024,6.837745349279032
551,218,Alex Bachman,WR,LVR,28,2024,6.748823875001108
552,219,Chris Blair,WR,ATL,27,2024,6.630070221227413
553,140,Ke'Shawn Vaughn,RB,SFO,27,2024,6.510196668832478
554,117,Ian Thomas,TE,CAR,28,2024,6.298842704852348
555,141,Keaontay Ingram,RB,KAN,25,2024,6.090744963878805
556,118,Mitchell Wilcox,TE,NWE,28,2024,5.795882015322036
557,119,Josiah Deguara,TE,JAX,27,2024,5.531491689205126
558,120,MyCole Pruitt,TE,PIT,32,2024,5.466052378307211
559,220,D'Wayne Eskridge,WR,MIA,27,2024,5.27680056061655
560,121,Nikola Kalinic,TE,LAR,27,2024,5.191704231734207
561,3,Reggie Gilliam,FB,BUF,27,2024,5.191698040563352
562,122,Eric Tomlinson,TE,LAC,32,2024,5.125739641158148
563,221,Jalen Virgil,WR,BUF,26,2024,4.769246946308783
564,123,Jack Stoll,TE,2TM,26,2024,4.759230760105453
565,222,Equanimeous St. Brown,WR,NOR,28,2024,4.66825121921859
566,124,James Mitchell,TE,DET,25,2024,4.5090077590528495
567,125,Teagan Quitoriano,TE,HOU,24,2024,4.364983283639134
568,142,Kene Nwangwu,RB,NYJ,26,2024,4.339602837102163
569,126,Feleipe Franks,TE,CAR,27,2024,4.167948851792971
570,223,Anthony Miller,WR,BAL,30,2024,4.072213829228275
571,224,Chris Moore,WR,WAS,31,2024,3.909109992709034
572,4,Adam Prentice,FB,NOR,27,2024,3.8864324569676967
573,77,Josh Johnson,QB,BAL,38,2024,3.796551323226211
574,127,Ko Kieft,TE,TAM,26,2024,3.7226577120139837
575,5,Patrick Ricard,FB,BAL,30,2024,3.653343056523198
576,225,Kaden Davis,WR,CLE,26,2024,3.6434506721703883
577,226,Allen Robinson,WR,DET,31,2024,3.450600004074701
578,227,Jaelon Darden,WR,2TM,25,2024,3.449294046208564
579,128,Stephen Sullivan,TE,CAR,28,2024,3.369593442362458
580,228,Montrell Washington,WR,KAN,25,2024,3.298076960553317
581,229,Robbie Chosen,WR,MIA,31,2024,2.48304509037186
582,129,Nick Muse,TE,MIN,26,2024,1.8712433087087703
583,130,Jody Fortson,TE,KAN,29,2024,1.7910275185854516
584,230,Deonte Harty,WR,BAL,27,2024,1.0924263428174612
585,143,Gary Brightwell,RB,CLE,25,2024,0.981751072965551
586,131,Travis Vokolek,TE,ARI,26,2024,0.952657854293804
587,6,C.J. Ham,FB,MIN,31,2024,0.8587113611944233
588,231,Velus Jones Jr.,WR,2TM,27,2024,0.6392316958248045
589,7,Michael Burton,FB,DEN,32,2024,0.5765414755987734
590,144,Myles Gaskin,RB,MIN,27,2024,0.5697754343512429
591,232,Chris Conley,WR,SFO,32,2024,0.4250369654692179
592,145,Joshua Kelley,RB,TEN,27,2024,0.34327780043493306
593,132,Irv Smith Jr.,TE,HOU,26,2024,0.19446586734463267
594,233,Dan Chisena,WR,CAR,27,2024,0.08192288712486118
595,234,Jamison Crowder,WR,WAS,31,2024,0.046627748146590875
596,235,Trishton Jackson,WR,MIN,26,2024,-1.0200420066950215
597,133,Shane Zylstra,TE,DET,28,2024,-1.4726691417849906
598,134,Tyler Mabry,TE,SEA,28,2024,-1.5066520144315803
599,236,Mason Kinsey,WR,TEN,26,2024,-1.5797707735938502
600,237,Dez Fitzpatrick,WR,LAC,27,2024,-2.2569540965286023
601,135,Zack Kuntz,TE,NYJ,25,2024,-2.5224326156856307
602,238,Trent Taylor,WR,SFO,30,2024,-2.6421498786467765
603,239,Chris Moore,WR,ARI,31,2024,-2.672052549847521
604,136,C.J. Uzomah,TE,PHI,31,2024,-2.81518913114553
605,137,Andrew Beck,TE,2TM,28,2024,-3.541057126954655
606,138,Robert Tonyan,TE,MIN,30,2024,-3.7265215270383294
607,139,Parker Hesse,TE,DET,29,2024,-4.045625535223763
608,240,Tom Kennedy,WR,DET,28,2024,-4.064270636528391
609,241,Zach Pascal,WR,ARI,30,2024,-4.086103166548696
610,242,Maurice Alexander,WR,DET,27,2024,-4.525834840372369
611,243,Elijah Cooks,WR,JAX,26,2024,-4.5474324220158024
612,244,Steven Sims,WR,2TM,27,2024,-5.118119441819729
613,140,Chris Manhertz,TE,NYG,32,2024,-5.345491312924153
614,245,Irvin Charles,WR,NYJ,27,2024,-5.513421338460773
615,78,Jeff Driskel,QB,WAS,31,2024,-5.543039863081589
616,8,Troy Hairston,FB,HOU,26,2024,-6.025806143853515
617,79,Mike White,QB,BUF,29,2024,-6.550366107260572
618,246,Marquez Callaway,WR,TAM,26,2024,-6.855452968616007
619,247,James Proche,WR,CLE,28,2024,-6.892940176181142
620,146,John Kelly,RB,BAL,28,2024,-7.02386092630681
621,248,Brandon Smith,WR,NYJ,26,2024,-7.945935985712907
622,249,Laquon Treadwell,WR,IND,29,2024,-8.514185185775958
623,141,Anthony Firkser,TE,2TM,29,2024,-8.783870096486183
624,250,Alex Erickson,WR,NWE,32,2024,-10.05174981930287
625,142,Geoff Swaim,TE,CLE,31,2024,-10.507162239466112
626,143,Jordan Matthews,TE,CAR,32,2024,-11.393059070228631
627,9,Jakob Johnson,FB,NYG,30,2024,-12.24738815237464
628,144,Marcedes Lewis,TE,CHI,40,2024,-14.060135692498847
629,251,Cody Thompson,WR,TAM,28,2024,-15.39070020863366
630,147,Tony Jones,RB,ARI,27,2024,-26.89220184002714
